{
  "fa": {
    "profile":{
      "set_lang": "^[/!]lang\\s+(fa|en)$",
      "welcome_toggle": "^[/!]welcome\\s+(روشن|خاموش)$",
      "set_welcome_text": "^[/!]setwelcome\\s+(.+)$",
      "set_welcome_delete_time": "^[/!]welcome_time\\s+(\\d+)$",
      "delete_messages": "^[/!]delete\\s+(\\d+)$",
      "tag_all": "^[/!]tagall$",
      "first_comment_toggle": "^[/!]firstcomment\\s+(روشن|خاموش)$",
      "set_first_comment_text": "^[/!]setfirstcomment\\s+(.+)$",
      "save_media": "^[/!]savemedia$",
      "sticker_to_photo": "^[/!]sticker2photo$",
      "name_toggle": "^[/!]اسم\\s+(روشن|خاموش)$",
      "add_name": "^[/!]اسم\\s+جدید\\s+(.+)$",
      "delete_name": "^[/!]حذف\\s+اسم\\s+(.+)$",
      "clear_names": "^[/!]پاکسازی\\s+اسم\\s+ها$",
      "list_names": "^[/!]اسم\\s+ها$",
      "bio_toggle": "^[/!]بیو\\s+(روشن|خاموش)$",
      "add_bio": "^[/!]بیو\\s+جدید\\s+(.+)$",
      "delete_bio": "^[/!]حذف\\s+بیو\\s+(.+)$",
      "clear_bios": "^[/!]پاکسازی\\s+بیو\\s+ها$",
      "list_bios": "^[/!]بیو\\s+ها$",
      "status_toggle": "^[/!]وضعیت\\s+(روشن|خاموش)$",
      "add_status": "^[/!]وضعیت\\s+جدید\\s+(.+)$",
      "delete_status": "^[/!]حذف\\s+وضعیت\\s+(.+)$",
      "clear_statuses": "^[/!]پاکسازی\\s+وضعیت\\s+ها$",
      "list_statuses": "^[/!]وضعیت\\s+ها$",
      "online_toggle": "^[/!]انلاین\\s+(روشن|خاموش)$",
      "title_toggle": "^[/!]عنوان\\s+(روشن|خاموش)$",
      "add_title": "^[/!]عنوان\\s+جدید\\s+(.+)$",
      "delete_title": "^[/!]حذف\\s+عنوان\\s+(.+)$",
      "clear_titles": "^[/!]پاکسازی\\s+عنوان\\s+ها$",
      "list_titles": "^[/!]عنوان\\s+ها$",
      "delete_profile": "^[/!]حذف\\s+پروفایل\\s*(\\d*)$",
      "clear_profile": "^[/!]پاکسازی\\s+پروفایل$",
      "add_profile": "^[/!]افزودن\\s+پروفایل$",
      "set_bio": "^[/!]تنظیم\\s+بیو\\s+(.+)$",
      "set_name": "^[/!]تنظیم\\s+اسم\\s+(.+)$",
      "set_status": "^[/!]تنظیم\\s+وضعیت\\s+(.+)$",
      "set_username": "^[/!]تنظیم\\s+نام\\s+کاربری\\s+(.+)$",
      "copy_profile": "^[/!]کپی\\s+پروفایل$",
      "backup_user": "^[/!]بکاپ\\s+کاربر\\s*(.+)?$",
      "user_id": "^[/!]شناسه\\s+من$",
      "user_name": "^[/!]اسم\\s+من$",
      "user_phone": "^[/!]شماره\\s+من$",
      "user_profile": "^[/!]پروفایل\\s+من$",
      "user_info": "^[/!]اطلاعات\\s+من$",
      "user_channels": "^[/!]کانال\\s+های\\s+من$",
      "user_chats": "^[/!]چت\\s+های\\s+من$",
      "user_stats": "^[/!]امار$",
      "panel": "^[/!]پنل$"
    },
    "settings": {
      "self_toggle": "^[/!]سلف\\s+(روشن|خاموش)$",
      "self_global_toggle": "^[/!]سلف\\s+همگانی\\s+(روشن|خاموش)$",
      "poker_toggle": "^[/!]پوکر\\s+(روشن|خاموش)$",
      "poker_global_toggle": "^[/!]پوکر\\s+همگانی\\s+(روشن|خاموش)$",
      "save_toggle": "^[/!]ذخیره\\s+(روشن|خاموش)$",
      "save_pv_toggle": "^[/!]ذخیره\\s+پیوی\\s+(روشن|خاموش)$",
      "save_realm_set": "^[/!]تنظیم\\s+ذخیره\\s+ریلم$",
      "save_pv_realm_set": "^[/!]تنظیم\\s+ذخیره\\s+پیوی\\s+ریلم$",
      "save_profile_toggle": "^[/!]ذخیره\\s+پروفایل\\s+(روشن|خاموش)$",
      "save_profile_realm_set": "^[/!]تنظیم\\s+ذخیره\\s+پروفایل\\s+ریلم$",
      "typing_toggle": "^[/!]تایپینگ\\s+(روشن|خاموش)$",
      "typing_global_toggle": "^[/!]تایپینگ\\s+همگانی\\s+(روشن|خاموش)$",
      "action_toggle": "^[/!]اکشن\\s+(روشن|خاموش)$",
      "action_global_toggle": "^[/!]اکشن\\s+همگانی\\s+(روشن|خاموش)$",
      "tick_toggle": "^[/!]تیک\\s+(روشن|خاموش)$",
      "tick_global_toggle": "^[/!]تیک\\s+همگانی\\s+(روشن|خاموش)$",
      "tick_group_toggle": "^[/!]تیک\\s+گروه\\s+(روشن|خاموش)$",
      "tick_pv_toggle": "^[/!]تیک\\s+پیوی\\s+(روشن|خاموش)$",
      "tick_channel_toggle": "^[/!]تیک\\s+کانال\\s+(روشن|خاموش)$",
      "tag_toggle": "^[/!]تگ\\s+(روشن|خاموش)$",
      "tag_global_toggle": "^[/!]تگ\\s+همگانی\\s+(روشن|خاموش)$",
      "translate_mode_toggle": "^[/!]حالت\\s+ترجمه\\s+(روشن|خاموش)$",
      "translate_mode_realm_set": "^[/!]تنظیم\\s+حالت\\s+ترجمه\\s+ریلم$",
      "translate_toggle": "^[/!]ترجمه\\s+(روشن|خاموش)$",
      "set_language": "^[/!]تنظیم\\s+زبان\\s+(.+)$",
      "list_languages": "^[/!]زبان\\s+ها$",
      "hashtag_toggle": "^[/!]هشتگ\\s+(روشن|خاموش)$",
      "hashtag_global_toggle": "^[/!]هشتگ\\s+همگانی\\s+(روشن|خاموش)$",
      "signature_toggle": "^[/!]امضا\\s+(روشن|خاموش)$",
      "signature_global_toggle": "^[/!]امضا\\s+همگانی\\s+(روشن|خاموش)$",
      "signature_set": "^[/!]تنظیم\\s+امضا\\s+(.+)$",
      "auto_approve_toggle": "^[/!]تایید\\s+خودکار\\s+(روشن|خاموش)$",
      "anti_login_toggle": "^[/!]انتی\\s+لاگین\\s+(روشن|خاموش)$",
      "anti_login_realm_set": "^[/!]تنظیم\\s+انتی\\s+لاگین\\s+ریلم$",
      "emoji_toggle": "^[/!]شکلک\\s+(روشن|خاموش)$",
      "emoji_global_toggle": "^[/!]شکلک\\s+همگانی\\s+(روشن|خاموش)$",
      "emoji_set": "^[/!]تنظیم\\s+شکلک\\s+(.+)$",
      "bold_toggle": "^[/!]بولد\\s+(روشن|خاموش)$",
      "bold_global_toggle": "^[/!]بولد\\s+همگانی\\s+(روشن|خاموش)$",
      "underline_toggle": "^[/!]اندرلاین\\s+(روشن|خاموش)$",
      "underline_global_toggle": "^[/!]اندرلاین\\s+همگانی\\s+(روشن|خاموش)$",
      "code_toggle": "^[/!]کد\\s+(روشن|خاموش)$",
      "code_global_toggle": "^[/!]کد\\s+همگانی\\s+(روشن|خاموش)$",
      "font_en_toggle": "^[/!]فونت\\s+انگلیسی\\s+(روشن|خاموش)$",
      "font_en_global_toggle": "^[/!]فونت\\s+انگلیسی\\s+همگانی\\s+(روشن|خاموش)$",
      "font_fa_toggle": "^[/!]فونت\\s+فارسی\\s+(روشن|خاموش)$",
      "font_fa_global_toggle": "^[/!]فونت\\s+فارسی\\s+همگانی\\s+(روشن|خاموش)$",
      "strikethrough_toggle": "^[/!]خط\\s+نویس\\s+(روشن|خاموش)$",
      "strikethrough_global_toggle": "^[/!]خط\\s+نویس\\s+همگانی\\s+(روشن|خاموش)$",
      "italic_toggle": "^[/!]کج\\s+نویس\\s+(روشن|خاموش)$",
      "italic_global_toggle": "^[/!]کج\\s+نویس\\s+همگانی\\s+(روشن|خاموش)$",
      "spoiler_toggle": "^[/!]اسپویلر\\s+(روشن|خاموش)$",
      "spoiler_global_toggle": "^[/!]اسپویلر\\s+همگانی\\s+(روشن|خاموش)$",
      "reaction_toggle": "^[/!]واکنش\\s+(روشن|خاموش)$",
      "reaction_set": "^[/!]تنظیم\\s+واکنش\\s+(.+)$"
    },
    "manage": {
      "expiration": "^[/!]انقضا$",
      "create_channel": "^[/!]ساخت\\s+کانال\\s+(.+)$",
      "set_channel": "^[/!]تنظیم\\s+کانال\\s+'(\\d+)'\\s+(.+)$",
      "delete_channel": "^[/!]حذف\\s+کانال$",
      "forward_to_channel": "^[/!]فوروارد\\s+به\\s+کانال\\s*(.+)?$",
      "reset_self": "^[/!]ریست\\s+سلف$",
      "delete_message": "^[/!]حذف$",
      "delete_message_count": "^[/!]حذف\\s+پیام\\s+(\\d+)$",
      "self_status": "^[/!]وضعیت\\s+سلف$",
      "user_info": "^[/!]اطلاعات$",
      "user_id": "^[/!]ایدی\\s*(.+)?$",
      "mention_user": "^[/!]درباره\\s+(\\d+)$",
      "chat_id": "^[/!]شناسه\\s+گروه$",
      "channel_info": "^[/!]اطلاعات\\s+کانال\\s+(\\d+)$",
      "add_contact": "^[/!]افزودن\\s+مخاطب$",
      "share_phone": "^[/!]اشتراک$",
      "panel": "^[/!]پنل\\s*(.+)?$",
      "panel_pv": "^[/!]پنل\\s+پیوی\\s*(.+)?$",
      "manage_user": "^[/!]مدیریت$",
      "list_all": "^[/!]لیست\\s+ها$",
      "save_message": "^[/!]ذخیره$",
      "message_to_user": "^[/!]پیام\\s+به\\s+'(\\d+)'\\s+(.+)$",
      "bot_mode_toggle": "^[/!]حالت\\s+ربات\\s+(روشن|خاموش)$",
      "set_api_token": "^[/!]تنظیم\\s+ای\\s+پی\\s+ای\\s+(.+)$",
      "add_white_list": "^[/!]افزودن\\s+سفید\\s*(.+)?$",
      "delete_white_list": "^[/!]حذف\\s+سفید\\s*(.+)?$",
      "list_white_list": "^[/!]لیست\\s+سفید$",
      "clear_white_list": "^[/!]پاکسازی\\s+لیست\\s+سفید$",
      "add_black_list": "^[/!]افزودن\\s+سیاه\\s*(.+)?$",
      "delete_black_list": "^[/!]حذف\\s+سیاه\\s*(.+)?$",
      "list_black_list": "^[/!]لیست\\s+سیاه$",
      "clear_black_list": "^[/!]پاکسازی\\s+لیست\\s+سیاه$",
      "set_reaction": "^[/!]تنظیم\\s+واکنش\\s*(.+)?$",
      "delete_reaction": "^[/!]حذف\\s+واکنش\\s*(.+)?$",
      "set_reaction_global": "^[/!]تنظیم\\s+واکنش\\s+همگانی\\s*(.+)?$",
      "delete_reaction_global": "^[/!]حذف\\s+واکنش\\s+همگانی\\s*(.+)?$",
      "set_prefix": "^[/!]تنظیم\\s+علامت\\s+(.+)$",
      "delete_prefix": "^[/!]حذف\\s+علامت$",
      "comment_toggle": "^[/!]کامنت\\s+(روشن|خاموش)$",
      "add_comment": "^[/!]کامنت\\s+جدید\\s+(.+)$",
      "delete_comment": "^[/!]حذف\\s+کامنت\\s+(.+)$",
      "clear_comments": "^[/!]پاکسازی\\s+کامنت\\s+ها$",
      "list_comments": "^[/!]کامنت\\s+ها$",
      "get_join_requests": "^[/!]دریافت\\s+لیست\\s+درخواست$",
      "get_joins": "^[/!]دریافت\\s+عضویت\\s+ها$",
      "get_leaves": "^[/!]دریافت\\s+خروج\\s+ها$",
      "approve_requests": "^[/!]تایید\\s+درخواست\\s+عضویت\\s+ها$",
      "set_bot_token": "^[/!]تنظیم\\s+ای\\s+پی\\s+ای\\s+(.+)$",
      "set_spec_realm": "^[/!]تنظیم\\s+نظارت\\s+ریلم$",
      "manage_spec": "^[/!]مدیریت$",
      "read_receipts_toggle": "^[/!]ذخیره\\s+خواندن\\s+ها\\s+(روشن|خاموش)$",
      "set_read_receipts_realm": "^[/!]تنظیم\\s+ذخیره\\s+خواندن\\s+ها\\s+ریلم$",
      "story_save_toggle": "^[/!]ذخیره\\s+استوری\\s+(روشن|خاموش)$",
      "set_story_realm": "^[/!]تنظیم\\s+ذخیره\\s+استوری\\s+ریلم$",
      "add_timer": "^[/!]تایمر\\s+جدید\\s+(.+)$",
      "delete_timer": "^[/!]حذف\\s+تایمر\\s+(.+)$",
      "clear_timers": "^[/!]پاکسازی\\s+تایمر\\s+ها$",
      "list_timers": "^[/!]تایمر\\s+ها$",
      "add_countdown": "^[/!]زمان\\s+جدید\\s+(.+)$",
      "delete_countdown": "^[/!]حذف\\s+زمان\\s+(.+)$",
      "clear_countdowns": "^[/!]پاکسازی\\s+زمان\\s+ها$",
      "list_countdowns": "^[/!]زمان\\s+ها$"
    },
    "group": {
      "lock_chat_photo_on": "^[/!]قفل\\s+عکس\\s+چت\\s+روشن$",
      "lock_chat_photo_off": "^[/!]قفل\\s+عکس\\s+چت\\s+خاموش$",
      "lock_title_on": "^[/!]قفل\\s+عنوان\\s+روشن$",
      "lock_title_off": "^[/!]قفل\\s+عنوان\\s+خاموش$",
      "auto_leave_on": "^[/!]خروج\\s+خودکار\\s+روشن$",
      "auto_leave_off": "^[/!]خروج\\s+خودکار\\s+خاموش$",
      "silence_on": "^[/!]سکوت\\s+روشن$",
      "silence_off": "^[/!]سکوت\\s+خاموش$",
      "silence_all": "^[/!]سکوت\\s+همگانی\\s*(\\d*)$",
      "cancel_silence_all": "^[/!]لغو\\s+سکوت\\s+همگانی$",
      "tag": "^[/!]تگ\\s*(.*)$",
      "cancel_tag": "^[/!]لغو\\s+تگ$",
      "tag_admins": "^[/!]تگ\\s+مدیران$",
      "tag_bots": "^[/!]تگ\\s+ربات‌ها$",
      "invite": "^[/!]دعوت\\s+(.+)$",
      "add_bots": "^[/!]افزودن\\s+ربات‌ها$",
      "pin": "^[/!]سنجاق$",
      "unpin": "^[/!]لغو\\s+سنجاق$",
      "repin": "^[/!]سنجاق\\s+مجدد$",
      "unpin_all": "^[/!]لغو\\s+همه\\s+سنجاق‌ها$",
      "group_info": "^[/!]اطلاعات\\s+گروه$",
      "group_id": "^[/!]شناسه\\s+گروه$",
      "leave": "^[/!]خروج\\s*(-?\\d+)?$",
      "group_link": "^[/!]لینک\\s+گروه$",
      "set_nickname": "^[/!]لقب\\s+(.+)$",
      "leave_all_groups": "^[/!]خروج\\s+از\\s+همه\\s+گروه‌ها$",
      "get_join_time": "^[/!]زمان\\s+عضویت$",
      "get_owner": "^[/!]مالک\\s*(-?\\d+)?$",
      "group_typing_on": "^[/!]تایپینگ\\s+گروه\\s+روشن$",
      "group_typing_off": "^[/!]تایپینگ\\s+گروه\\s+خاموش$",
      "create_group": "^[/!]ساخت\\s+گروه\\s+(.+)$",
      "cleanup_messages": "^[/!]پاکسازی\\s+پیام‌ها\\s*(\\d*)$",
      "cleanup_gifs": "^[/!]پاکسازی\\s+گیف‌ها$",
      "cleanup_photos": "^[/!]پاکسازی\\s+عکس‌ها$",
      "cleanup_videos": "^[/!]پاکسازی\\s+ویدئوها$",
      "cleanup_audios": "^[/!]پاکسازی\\s+آهنگ‌ها$",
      "cleanup_voices": "^[/!]پاکسازی\\s+ویس‌ها$",
      "cleanup_user": "^[/!]پاکسازی\\s+کاربر$",
      "cleanup_block_list": "^[/!]پاکسازی\\s+لیست\\s+بلاک$",
      "cleanup_deleted_accounts": "^[/!]پاکسازی\\s+اکانت‌های\\s+حذف‌شده$",
      "cleanup_bots": "^[/!]پاکسازی\\s+ربات‌ها$",
      "cleanup_members": "^[/!]پاکسازی\\s+اعضا$",
      "cleanup_all": "^[/!]پاکسازی\\s+همه\\s+(.+)$",
      "cleanup_between": "^[/!]پاکسازی\\s+بین\\s+(.+\\s+.+)$",
      "join_mode_on": "^[/!]حالت\\s+عضویت\\s+روشن$",
      "join_mode_off": "^[/!]حالت\\s+عضویت\\s+خاموش$",
      "join_mode_ban": "^[/!]حالت\\s+عضویت\\s+مسدود$",
      "join_mode_mute": "^[/!]حالت\\s+عضویت\\s+سکوت$",
      "filter_add": "^[/!]فیلتر\\s+افزودن\\s+(.+)$",
      "filter_remove": "^[/!]فیلتر\\s+حذف\\s+(.+)$",
      "filter_list": "^[/!]لیست\\s+فیلترها$",
      "filter_clear": "^[/!]پاکسازی\\s+فیلترها$",
      "sallow": "^[/!]مجاز\\s+(.+)$",
      "sdelallow": "^[/!]حذف\\s+مجاز\\s+(.+)$",
      "sallowlist": "^[/!]لیست\\s+مجازها$",
      "clean_sallowlist": "^[/!]پاکسازی\\s+لیست\\s+مجاز$",
      "set_slow_mode": "^[/!]حالت\\s+آرام\\s+(\\d+)$",
      "remove_slow_mode": "^[/!]حذف\\s+حالت\\s+آرام$",
      "kick": "^[/!]اخراج\\s*(.+)?$",
      "unban": "^[/!]لغو\\s+مسدودیت\\s*(.+)?$",
      "mute": "^[/!]سکوت\\s+کاربر$",
      "unmute": "^[/!]لغو\\s+سکوت$",
      "mute_list": "^[/!]لیست\\s+سکوت$",
      "clear_mute_list": "^[/!]پاکسازی\\s+لیست\\s+سکوت$",
      "welcome_on": "^[/!]خوش‌آمد\\s+روشن$",
      "welcome_off": "^[/!]خوش‌آمد\\s+خاموش$",
      "set_welcome": "^[/!]تنظیم\\s+خوش‌آمد$",
      "ban_all": "^[/!]مسدود\\s+همه$",
      "unban_all": "^[/!]لغو\\s+مسدود\\s+همه$",
      "ban_all_list": "^[/!]لیست\\s+مسدود\\s+همه$",
      "clear_ban_all_list": "^[/!]پاکسازی\\s+لیست\\s+مسدود\\s+همه$",
      "invite_voice_chat": "^[/!]دعوت\\s+ویس\\s+چت\\s+(.+)$",
      "invite_all_voice_chat": "^[/!]دعوت\\s+همه\\s+به\\s+ویس\\s+چت$"
    },
    "private": {
      "secretary_status": "^[/!]وضعیت\\s+منشی$",
      "secretary_on": "^[/!]منشی\\s+روشن$",
      "secretary_off": "^[/!]منشی\\s+خاموش$",
      "set_secretary": "^[/!]تنظیم\\s+منشی$",
      "set_secretary_delay": "^[/!]تنظیم\\s+زمان\\s+منشی\\s+(\\d+)$",
      "smart_secretary_on": "^[/!]منشی\\s+هوشمند\\s+روشن$",
      "smart_secretary_off": "^[/!]منشی\\s+هوشمند\\s+خاموش$",
      "set_smart_secretary": "^[/!]تنظیم\\s+منشی\\s+هوشمند$",
      "offline_secretary_on": "^[/!]منشی\\s+افلاین\\s+روشن$",
      "offline_secretary_off": "^[/!]منشی\\s+افلاین\\s+خاموش$",
      "set_offline_secretary": "^[/!]تنظیم\\s+منشی\\s+افلاین\\s+(\\d+)$",
      "save_pv_on": "^[/!]ذخیره\\s+پیوی\\s+روشن$",
      "save_pv_off": "^[/!]ذخیره\\s+پیوی\\s+خاموش$",
      "birthday_on": "^[/!]تولد\\s+روشن$",
      "birthday_off": "^[/!]تولد\\s+خاموش$",
      "add_birthday_message": "^[/!]متن\\s+تولد\\s+جدید$",
      "remove_birthday_message": "^[/!]حذف\\s+متن\\s+تولد$",
      "list_birthday_messages": "^[/!]متن\\s+تولد\\s+ها$",
      "clear_birthday_messages": "^[/!]پاکسازی\\s+متن\\s+تولد\\s+ها$",
      "manage_birthday": "^[/!]مدیریت\\s+(.+)?$",
      "block_mode_on": "^[/!]حالت\\s+بلاک\\s+روشن$",
      "block_mode_off": "^[/!]حالت\\s+بلاک\\s+خاموش$",
      "pin": "^[/!]سنجاق$",
      "unpin": "^[/!]لغو\\s+سنجاق$",
      "mutual_pin": "^[/!]سنجاق\\s+دو\\s+طرفه$",
      "unpin_all": "^[/!]لغو\\s+سنجاق\\s+همه$",
      "silence_pv_on": "^[/!]سکوت\\s+پیوی\\s+روشن$",
      "silence_pv_off": "^[/!]سکوت\\s+پیوی\\s+خاموش$",
      "silence_specific_on": "^[/!]سکوت\\s+روشن$",
      "silence_specific_off": "^[/!]سکوت\\s+خاموش$",
      "save_deleted_on": "^[/!]ذخیره\\s+حذف\\s+روشن$",
      "save_deleted_off": "^[/!]ذخیره\\s+حذف\\s+خاموش$",
      "set_save_deleted_realm": "^[/!]تنظیم\\s+ذخیره\\s+حذف\\s+ریلم$",
      "set_backup_channel": "^[/!]تنظیم\\s+پشتیبان$",
      "set_bot_token": "^[/!]تنظیم\\s+ربات\\s+(.+)$",
      "save_deleted_status": "^[/!]وضعیت\\s+ذخیره\\s+حذف$",
      "save_edited_on": "^[/!]ذخیره\\s+ویرایش\\s+روشن$",
      "save_edited_off": "^[/!]ذخیره\\s+ویرایش\\s+خاموش$",
      "set_save_edited_realm": "^[/!]تنظیم\\s+ذخیره\\s+ویرایش\\s+ریلم$",
      "save_timed_on": "^[/!]ذخیره\\s+زماندار\\s+روشن$",
      "save_timed_off": "^[/!]ذخیره\\s+زماندار\\s+خاموش$",
      "set_save_timed_realm": "^[/!]تنظیم\\s+ذخیره\\s+زماندار\\s+ریلم$",
      "cleanup_gifs": "^[/!]پاکسازی\\s+گیف\\s+ها$",
      "cleanup_photos": "^[/!]پاکسازی\\s+عکس\\s+ها$",
      "cleanup_videos": "^[/!]پاکسازی\\s+ویدئو\\s+ها$",
      "cleanup_video_notes": "^[/!]پاکسازی\\s+ویدئو\\s+نوت\\s+ها$",
      "cleanup_files": "^[/!]پاکسازی\\s+فایل\\s+ها$",
      "cleanup_voices": "^[/!]پاکسازی\\s+ویس\\s+ها$",
      "delete_messages": "^[/!]حذف\\s+(\\d+)$",
      "pv_info": "^[/!]درباره\\s+پیوی$",
      "cleanup_messages": "^[/!]پاکسازی\\s+پیام$",
      "delete_history": "^[/!]حذف\\s+تاریخچه$",
      "pv_typing_on": "^[/!]تایپینگ\\s+پیوی\\s+روشن$",
      "pv_typing_off": "^[/!]تایپینگ\\s+پیوی\\s+خاموش$",
      "force_join_on": "^[/!]عضویت\\s+اجباری\\s+روشن$",
      "force_join_off": "^[/!]عضویت\\s+اجباری\\s+خاموش$",
      "set_force_join_chat": "^[/!]تنظیم\\s+چت\\s+عضویت\\s+اجباری$",
      "set_force_join_message": "^[/!]تنظیم\\s+عضویت\\s+اجباری$",
      "set_force_join_delay": "^[/!]تنظیم\\s+زمان\\s+عضویت\\s+اجباری\\s+(\\d+)$",
      "force_join_relax_on": "^[/!]عضویت\\s+اجباری\\s+ارام\\s+روشن$",
      "force_join_relax_off": "^[/!]عضویت\\s+اجباری\\s+ارام\\s+خاموش$",
      "set_force_join_relax_delay": "^[/!]تنظیم\\s+عضویت\\s+اجباری\\s+ارام\\s+(\\d+)$",
      "force_join_save_on": "^[/!]ذخیره\\s+عضویت\\s+اجباری\\s+روشن$",
      "force_join_save_off": "^[/!]ذخیره\\s+عضویت\\s+اجباری\\s+خاموش$",
      "set_force_join_save_realm": "^[/!]تنظیم\\s+ذخیره\\s+عضویت\\s+اجباری\\s+ریلم$",
      "protect_on": "^[/!]محافظت\\s+روشن$",
      "protect_off": "^[/!]محافظت\\s+خاموش$",
      "set_protect_limit": "^[/!]تنظیم\\s+عدد\\s+محافظت\\s+(\\d+)$",
      "set_protect_message": "^[/!]تنظیم\\s+محتوا\\s+محافظت$",
      "protect_warning_on": "^[/!]خطا\\s+محافظت\\s+روشن$",
      "protect_warning_off": "^[/!]خطا\\s+محافظت\\s+خاموش$",
      "set_protect_warning_message": "^[/!]تنظیم\\s+محتوا\\s+اخطار\\s+محافظت$",
      "protect_relax_on": "^[/!]محافظت\\s+ارام\\s+روشن$",
      "protect_relax_off": "^[/!]محافظت\\s+ارام\\s+خاموش$",
      "set_protect_relax_delay": "^[/!]تنظیم\\s+ارام\\s+محافظت\\s+(\\d+)$",
      "filter_pv": "^[/!]فیلتر\\s+کردن\\s+پیوی\\s+(.+)$",
      "remove_filter_pv": "^[/!]حذف\\s+فیلتر\\s+کردن\\s+پیوی\\s+(.+)$",
      "list_filter_pv": "^[/!]لیست\\s+فیلتر\\s+پیوی$",
      "clear_filter_pv": "^[/!]پاکسازی\\s+لیست\\s+فیلتر\\s+پیوی$"
    },
    "fast_response": {
      "fast_response_off": "^[/!]پاسخ\\s+ندادن\\s+روشن$",
      "fast_response_on": "^[/!]پاسخ\\s+ندادن\\s+خاموش$",
      "set_response_time": "^[/!]زمان\\s+پاسخ\\s+(\\d+)$",
      "add_response": "^[/!]پاسخ\\s+(.+)$",
      "delete_response": "^[/!]حذف\\s+پاسخ\\s+(.+)$",
      "list_responses": "^[/!]پاسخ\\s+ها$",
      "clear_responses": "^[/!]پاکسازی\\s+پاسخ\\s+ها$",
      "get_response": "^[/!]دریافت\\s+پاسخ\\s+(.+)$",
      "set_sudo_mode": "^[/!]حالت\\s+سودو$",
      "set_others_mode": "^[/!]حالت\\s+دیگران$",
      "set_normal_mode": "^[/!]حالت\\s+عادی$",
      "set_edit_mode": "^[/!]حالت\\s+ادیتی$",
      "set_multi_mode": "^[/!]حالت\\s+چندتایی$",
      "set_search_mode": "^[/!]حالت\\s+جست\\s+وجو$",
      "set_reply_mode": "^[/!]حالت\\s+ریپلی$",
      "set_command_mode": "^[/!]حالت\\s+دستور$",
      "sun_response": "^[/!]خورشید$",
      "heart_response": "^[/!]قلب$",
      "edit_response_1": "^[/!]پاسخ\\s+سریع\\s+ادیتی1$",
      "edit_response_2": "^[/!]پاسخ\\s+سریع\\s+ادیتی2$",
      "bandari": "^[/!]بندری$"
    },
    "enemy": {
      "insult_on": "^[/!]فحش\\s+روشن$",
      "insult_off": "^[/!]فحش\\s+خاموش$",
      "add_insult": "^[/!]افزودن\\s+فحش\\s+(.+)$",
      "delete_insult": "^[/!]حذف\\s+فحش\\s+(.+)$",
      "list_insults": "^[/!]لیست\\s+فحش$",
      "clear_insults": "^[/!]پاکسازی\\s+لیست\\s+فحش$",
      "upload_insult": "^[/!]اپلود\\s+فحش$",
      "add_friend_insult": "^[/!]افزودن\\s+فحش\\s+دوست\\s+(.+)$",
      "delete_friend_insult": "^[/!]حذف\\s+فحش\\s+دوست\\s+(.+)$",
      "list_friend_insults": "^[/!]لیست\\s+فحش\\s+دوست$",
      "clear_friend_insults": "^[/!]پاکسازی\\s+لیست\\s+فحش\\s+دوست$",
      "upload_friend_insult": "^[/!]اپلود\\s+فحش\\s+دوست$",
      "set_enemy_all_chats": "^[/!]تنظیم\\s+دشمن\\s+(\\d*)$",
      "set_enemy_pv": "^[/!]تنظیم\\s+دشمن\\s+پیوی\\s+(\\d*)$",
      "set_enemy_groups": "^[/!]تنظیم\\s+دشمن\\s+گروه\\s+(\\d*)$",
      "set_enemy_this_chat": "^[/!]تنظیم\\s+دشمن\\s+اینجا\\s+(\\d*)$",
      "delete_enemy_all_chats": "^[/!]حذف\\s+دشمن\\s+(\\d*)$",
      "delete_enemy_pv": "^[/!]حذف\\s+دشمن\\s+پیوی\\s+(\\d*)$",
      "delete_enemy_groups": "^[/!]حذف\\s+دشمن\\s+گروه\\s+(\\d*)$",
      "delete_enemy_this_chat": "^[/!]حذف\\s+دشمن\\s+اینجا\\s+(\\d*)$",
      "clear_enemy_all_chats": "^[/!]پاکسازی\\s+دشمن$",
      "clear_enemy_pv": "^[/!]پاکسازی\\s+دشمن\\s+پیوی$",
      "clear_enemy_groups": "^[/!]پاکسازی\\s+دشمن\\s+گروه$",
      "clear_enemy_this_chat": "^[/!]پاکسازی\\s+دشمن\\s+اینجا$",
      "set_friend_all_chats": "^[/!]تنظیم\\s+دوست\\s+دشمن\\s+(\\d*)$",
      "set_friend_pv": "^[/!]تنظیم\\s+دوست\\s+دشمن\\s+پیوی\\s+(\\d*)$",
      "set_friend_groups": "^[/!]تنظیم\\s+دوست\\s+دشمن\\s+گروه\\s+(\\d*)$",
      "set_friend_this_chat": "^[/!]تنظیم\\s+دوست\\s+دشمن\\s+اینجا\\s+(\\d*)$",
      "delete_friend_all_chats": "^[/!]حذف\\s+دوست\\s+دشمن\\s+(\\d*)$",
      "delete_friend_pv": "^[/!]حذف\\s+دوست\\s+دشمن\\s+پیوی\\s+(\\d*)$",
      "delete_friend_groups": "^[/!]حذف\\s+دوست\\s+دشمن\\s+گروه\\s+(\\d*)$",
      "delete_friend_this_chat": "^[/!]حذف\\s+دوست\\s+دشمن\\s+اینجا\\s+(\\d*)$",
      "clear_friend_all_chats": "^[/!]پاکسازی\\s+دوست\\s+دشمن$",
      "clear_friend_pv": "^[/!]پاکسازی\\s+دوست\\s+دشمن\\s+پیوی$",
      "clear_friend_groups": "^[/!]پاکسازی\\s+دوست\\s+دشمن\\s+گروه$",
      "clear_friend_this_chat": "^[/!]پاکسازی\\s+دوست\\s+دشمن\\s+اینجا$",
      "set_delay": "^[/!]تنظیم\\s+زمان\\s+دشمن\\s+(\\d+)$",
      "delay_on": "^[/!]زمان\\s+دشمن\\s+روشن$",
      "delay_off": "^[/!]زمان\\s+دشمن\\s+خاموش$",
      "set_pause": "^[/!]تنظیم\\s+مکث\\s+(\\d+-\\d+)$",
      "delete_enemy_message_on": "^[/!]حذف\\s+پیام\\s+دشمن\\s+روشن$",
      "delete_enemy_message_off": "^[/!]حذف\\s+پیام\\s+دشمن\\s+خاموش$",
      "set_signature": "^[/!]تنظیم\\s+امضا\\s+دشمن\\s+(.+)$",
      "delete_signature": "^[/!]حذف\\s+امضا\\s+دشمن$",
      "set_friend_signature": "^[/!]تنظیم\\s+امضا\\s+دوست\\s+دشمن\\s+(.+)$",
      "delete_friend_signature": "^[/!]حذف\\s+امضا\\s+دوست\\s+دشمن$",
      "list_all": "^[/!]لیست\\s+ها$",
      "clear_all_enemies": "^[/!]پاکسازی\\s+دشمن\\s+(\\d*)$",
      "get_enemy": "^[/!]دریافت\\s+دشمن\\s+(\\d*)$"
    },
    "convert": {
      "set_cover": "^[/!]تنظیم\\s+کاور$",
      "add_cover": "^[/!]افزودن\\s+کاور$",
      "get_cover": "^[/!]دریافت\\s+کاور$",
      "remove_background": "^[/!]حذف\\s+زمینه$",
      "edit_name": "^[/!]ویرایش\\s+اسم\\s+(.+)$",
      "edit_duration": "^[/!]ویرایش\\s+زمان\\s+(\\d+)$",
      "to_photo": "^[/!]به\\s+عکس$",
      "to_gif": "^[/!]به\\s+گیف$",
      "to_sticker": "^[/!]به\\s+استیکر$",
      "to_file": "^[/!]به\\s+فایل$",
      "to_voice": "^[/!]به\\s+ویس$",
      "to_audio": "^[/!]به\\s+اهنگ$",
      "convert_date": "^[/!]تبدیل\\s+تاریخ\\s+(.+)$",
      "extract_file": "^[/!]استخراج\\s+فایل(?:\\s+(.+))?$",
      "to_qr": "^[/!]به\\s+qr(?:\\s+(.+))?$",
      "read_qr": "^[/!]خواندن\\s+qr$",
      "to_video_note": "^[/!]به\\s+ویدئو\\s+نوت$",
      "to_video": "^[/!]به\\s+ویدئو$"
    },
    "search": {
      "search_song": "^[/!]جست\\s+و\\s+جو\\s+همگانی\\s+اهنگ(?:\\s+(.+))?$",
      "search_video": "^[/!]جست\\s+و\\s+جو\\s+همگانی\\s+فیلم(?:\\s+(.+))?$",
      "search_music": "^[/!]جست\\s+و\\s+جو\\s+موسیقی\\s+(.+)$",
      "search_movie": "^[/!]جست\\s+و\\s+جو\\s+فیلم\\s+(.+)$",
      "search_image": "^[/!]جست\\s+و\\s+جو\\s+تصویر\\s+(.+)$",
      "persian_meme": "^[/!]پرشین\\s+میم\\s+(.+)$",
      "wiki": "^[/!]ویکی\\s+(.+)$",
      "google": "^[/!]سلف\\s+گوگل\\s+(.+)$",
      "search_text": "^[/!]جست\\s+و\\s+جو\\s+(.+)$",
      "search_general": "^[/!]جست\\s+و\\s+جو\\s+همگانی\\s+(.+)$",
      "search_video_note": "^[/!]جست\\s+و\\s+جو\\s+همگانی\\s+ویدئو\\s+نوت(?:\\s+(.+))?$",
      "search_file": "^[/!]جست\\s+و\\s+جو\\s+همگانی\\s+فایل(?:\\s+(.+))?$",
      "search_photo": "^[/!]جست\\s+و\\s+جو\\s+همگانی\\s+عکس(?:\\s+(.+))?$",
      "search_contact": "^[/!]جست\\s+و\\s+جو\\s+همگانی\\s+مخاطب(?:\\s+(.+))?$"
    },
    "download": {
      "download_song": "^[/!]دریافت\\s+اهنگ\\s+(.+)$",
      "download_video": "^[/!]دریافت\\s+ویدئو(?:\\s+(.+))?$",
      "download_list": "^[/!]دریافت\\s+لیست\\s+(.+)$",
      "download_all_stories": "^[/!]دریافت\\s+همه\\s+استوری\\s+ها$",
      "download_stories": "^[/!]دریافت\\s+استوری\\s+ها\\s+(.+)$",
      "new_story": "^[/!]استوری\\s+جدید$",
      "download_file": "^[/!]دریافت\\s+فایل(?:\\s+(.+))?$",
      "download_git": "^[/!]دریافت\\s+گیت(?:\\s+(.+))?$"
    },
    "vars": {
      "list_timezones": "^[/!]منطقه\\s+ها$",
      "set_timezone": "^[/!]تنظیم\\s+منطقه\\s+(.+)$",
      "set_rank": "^[/!]تنظیم\\s+مقام\\s+(.+)$",
      "list_ranks": "^[/!]لیست\\s+مقام\\s+ها$"
    },
    "edit": {
      "to_demo": "^[/!]به\\s+دمو$",
      "to_long_demo": "^[/!]به\\s+دمو\\s+بلند$",
      "cut": "^[/!]برش\\s+(\\d+-\\d+)$",
      "rotate_left": "^[/!]چرخش\\s+به\\s+چپ$",
      "rotate_right": "^[/!]چرخش\\s+به\\s+راست$",
      "rotate_up": "^[/!]چرخش\\s+به\\s+بالا$",
      "rotate_45": "^[/!]به\\s+45$",
      "black_white": "^[/!]سیاه\\s+سفید$",
      "negative": "^[/!]نگاتیو$",
      "to_rgb": "^[/!]به\\s+rgb$",
      "to_green": "^[/!]به\\s+سبز$",
      "to_blue": "^[/!]به\\s+ابی$",
      "to_red": "^[/!]به\\s+قرمز$",
      "blur": "^[/!]تار$",
      "sharpen": "^[/!]رفع\\s+تاری$",
      "resize_height": "^[/!]تغییر\\s+اندازه\\s+ارتفاعی(?:\\s+(\\d+))?$",
      "resize": "^[/!]تغییر\\s+اندازه\\s+(\\d+,\\d+)$",
      "set_logo": "^[/!]تنظیم\\s+لوگو$",
      "apply_logo": "^[/!]چاپ\\s+(\\d+,\\d+)$",
      "replace_text": "^[/!]جایگزین\\s+([^,]+,[^,]+)$",
      "quick_edit": "^[/!]ویرایش\\s+(.+)$",
      "watermark": "^[/!]واترمارک(?:\\s+(.+))?$"
    },
    "fun": {
      "time": "^[/!]زمان(?:\\s+(.+))?$",
      "calendar": "^[/!]تقویم$",
      "azan": "^[/!]سلف\\s+اذان(?:\\s+(.+))?$",
      "football": "^[/!]فوتبال$",
      "tv": "^[/!]تلوزیون$",
      "sarz": "^[/!]sarz$",
      "crypto": "^[/!]کریپتو(?:\\s+(.+))?$",
      "domain": "^[/!]دامنه\\s+(.+)$",
      "ip_info": "^[/!]دریافت\\s+ایپی\\s+(.+)$",
      "config_info": "^[/!]دریافت\\s+کانفیگ(?:\\s+(.+))?$",
      "proxy": "^[/!]پروکسی$",
      "join_all": "^[/!]عضویت\\s+همه$",
      "join_and_leave": "^[/!]عضویت\\s+و\\s+خروج$",
      "to_word": "^[/!]به\\s+کلمه(?:\\s+(\\d+))?$",
      "fortune": "^[/!]فال$",
      "joke": "^[/!]جوک$",
      "set_chatgpt_token": "^[/!]تنظیم\\s+کد\\s+چت\\s+جی\\s+پی\\s+تی\\s+(.+)$",
      "chatgpt": "^[/!]جی\\s+پی\\s+تی\\s+(.+)$",
      "mygpt": "^[/!]mygpt\\s+(.+)$",
      "clean_mygpt": "^[/!]Clean\\s+mygpt$"
    }
  },
  "en": {
    "profile": {
      "set_lang": "^[/!]lang\\s+(fa|en)$",
      "welcome_toggle": "^[/!]welcome\\s+(on|off)$",
      "set_welcome_text": "^[/!]setwelcome\\s+(.+)$",
      "set_welcome_delete_time": "^[/!]welcome_time\\s+(\\d+)$",
      "delete_messages": "^[/!]delete\\s+(\\d+)$",
      "tag_all": "^[/!]tagall$",
      "first_comment_toggle": "^[/!]firstcomment\\s+(on|off)$",
      "set_first_comment_text": "^[/!]setfirstcomment\\s+(.+)$",
      "save_media": "^[/!]savemedia$",
      "sticker_to_photo": "^[/!]sticker2photo$",
      "name_toggle": "^[/!]name\\s+(on|off)$",
      "add_name": "^[/!]name\\s+new\\s+(.+)$",
      "delete_name": "^[/!]delete\\s+name\\s+(.+)$",
      "clear_names": "^[/!]clear\\s+names$",
      "list_names": "^[/!]names$",
      "bio_toggle": "^[/!]bio\\s+(on|off)$",
      "add_bio": "^[/!]bio\\s+new\\s+(.+)$",
      "delete_bio": "^[/!]delete\\s+bio\\s+(.+)$",
      "clear_bios": "^[/!]clear\\s+bios$",
      "list_bios": "^[/!]bios$",
      "status_toggle": "^[/!]status\\s+(on|off)$",
      "add_status": "^[/!]status\\s+new\\s+(.+)$",
      "delete_status": "^[/!]delete\\s+status\\s+(.+)$",
      "clear_statuses": "^[/!]clear\\s+statuses$",
      "list_statuses": "^[/!]statuses$",
      "online_toggle": "^[/!]online\\s+(on|off)$",
      "title_toggle": "^[/!]title\\s+(on|off)$",
      "add_title": "^[/!]title\\s+new\\s+(.+)$",
      "delete_title": "^[/!]delete\\s+title\\s+(.+)$",
      "clear_titles": "^[/!]clear\\s+titles$",
      "list_titles": "^[/!]titles$",
      "delete_profile": "^[/!]delete\\s+profile\\s*(\\d*)$",
      "clear_profile": "^[/!]clear\\s+profile$",
      "add_profile": "^[/!]add\\s+profile$",
      "set_bio": "^[/!]set\\s+bio\\s+(.+)$",
      "set_name": "^[/!]set\\s+name\\s+(.+)$",
      "set_status": "^[/!]set\\s+status\\s+(.+)$",
      "set_username": "^[/!]set\\s+username\\s+(.+)$",
      "copy_profile": "^[/!]copy\\s+profile$",
      "backup_user": "^[/!]backup\\s+user\\s*(.+)?$",
      "user_id": "^[/!]my\\s+id$",
      "user_name": "^[/!]my\\s+name$",
      "user_phone": "^[/!]my\\s+phone$",
      "user_profile": "^[/!]my\\s+profile$",
      "user_info": "^[/!]my\\s+info$",
      "user_channels": "^[/!]my\\s+channels$",
      "user_chats": "^[/!]my\\s+chats$",
      "user_stats": "^[/!]stats$",
      "panel": "^[/!]panel$"
    },
    "settings": {
      "self_toggle": "^[/!]self\\s+(on|off)$",
      "self_global_toggle": "^[/!]self\\s+global\\s+(on|off)$",
      "poker_toggle": "^[/!]poker\\s+(on|off)$",
      "poker_global_toggle": "^[/!]poker\\s+global\\s+(on|off)$",
      "save_toggle": "^[/!]save\\s+(on|off)$",
      "save_pv_toggle": "^[/!]save\\s+pv\\s+(on|off)$",
      "save_realm_set": "^[/!]set\\s+save\\s+realm$",
      "save_pv_realm_set": "^[/!]set\\s+save\\s+pv\\s+realm$",
      "save_profile_toggle": "^[/!]save\\s+profile\\s+(on|off)$",
      "save_profile_realm_set": "^[/!]set\\s+save\\s+profile\\s+realm$",
      "typing_toggle": "^[/!]typing\\s+(on|off)$",
      "typing_global_toggle": "^[/!]typing\\s+global\\s+(on|off)$",
      "action_toggle": "^[/!]action\\s+(on|off)$",
      "action_global_toggle": "^[/!]action\\s+global\\s+(on|off)$",
      "tick_toggle": "^[/!]tick\\s+(on|off)$",
      "tick_global_toggle": "^[/!]tick\\s+global\\s+(on|off)$",
      "tick_group_toggle": "^[/!]tick\\s+group\\s+(on|off)$",
      "tick_pv_toggle": "^[/!]tick\\s+pv\\s+(on|off)$",
      "tick_channel_toggle": "^[/!]tick\\s+channel\\s+(on|off)$",
      "tag_toggle": "^[/!]tag\\s+(on|off)$",
      "tag_global_toggle": "^[/!]tag\\s+global\\s+(on|off)$",
      "translate_mode_toggle": "^[/!]translate\\s+mode\\s+(on|off)$",
      "translate_mode_realm_set": "^[/!]set\\s+translate\\s+mode\\s+realm$",
      "translate_toggle": "^[/!]translate\\s+(on|off)$",
      "set_language": "^[/!]set\\s+language\\s+(.+)$",
      "list_languages": "^[/!]languages$",
      "hashtag_toggle": "^[/!]hashtag\\s+(on|off)$",
      "hashtag_global_toggle": "^[/!]hashtag\\s+global\\s+(on|off)$",
      "signature_toggle": "^[/!]signature\\s+(on|off)$",
      "signature_global_toggle": "^[/!]signature\\s+global\\s+(on|off)$",
      "signature_set": "^[/!]set\\s+signature\\s+(.+)$",
      "auto_approve_toggle": "^[/!]auto\\s+approve\\s+(on|off)$",
      "anti_login_toggle": "^[/!]anti\\s+login\\s+(on|off)$",
      "anti_login_realm_set": "^[/!]set\\s+anti\\s+login\\s+realm$",
      "emoji_toggle": "^[/!]emoji\\s+(on|off)$",
      "emoji_global_toggle": "^[/!]emoji\\s+global\\s+(on|off)$",
      "emoji_set": "^[/!]set\\s+emoji\\s+(.+)$",
      "bold_toggle": "^[/!]bold\\s+(on|off)$",
      "bold_global_toggle": "^[/!]bold\\s+global\\s+(on|off)$",
      "underline_toggle": "^[/!]underline\\s+(on|off)$",
      "underline_global_toggle": "^[/!]underline\\s+global\\s+(on|off)$",
      "code_toggle": "^[/!]code\\s+(on|off)$",
      "code_global_toggle": "^[/!]code\\s+global\\s+(on|off)$",
      "font_en_toggle": "^[/!]font\\s+en\\s+(on|off)$",
      "font_en_global_toggle": "^[/!]font\\s+en\\s+global\\s+(on|off)$",
      "font_fa_toggle": "^[/!]font\\s+fa\\s+(on|off)$",
      "font_fa_global_toggle": "^[/!]font\\s+fa\\s+global\\s+(on|off)$",
      "strikethrough_toggle": "^[/!]strikethrough\\s+(on|off)$",
      "strikethrough_global_toggle": "^[/!]strikethrough\\s+global\\s+(on|off)$",
      "italic_toggle": "^[/!]italic\\s+(on|off)$",
      "italic_global_toggle": "^[/!]italic\\s+global\\s+(on|off)$",
      "spoiler_toggle": "^[/!]spoiler\\s+(on|off)$",
      "spoiler_global_toggle": "^[/!]spoiler\\s+global\\s+(on|off)$",
      "reaction_toggle": "^[/!]reaction\\s+(on|off)$",
      "reaction_set": "^[/!]set\\s+reaction\\s+(.+)$"
    },
    "manage": {
      "expiration": "^[/!]expiration$",
      "create_channel": "^[/!]create\\s+channel\\s+(.+)$",
      "set_channel": "^[/!]set\\s+channel\\s+'(\\d+)'\\s+(.+)$",
      "delete_channel": "^[/!]delete\\s+channel$",
      "forward_to_channel": "^[/!]forward\\s+to\\s+channel\\s*(.+)?$",
      "reset_self": "^[/!]reset\\s+self$",
      "delete_message": "^[/!]delete$",
      "delete_message_count": "^[/!]delete\\s+message\\s+(\\d+)$",
      "self_status": "^[/!]self\\s+status$",
      "user_info": "^[/!]info$",
      "user_id": "^[/!]id\\s*(.+)?$",
      "mention_user": "^[/!]mention\\s+(\\d+)$",
      "chat_id": "^[/!]chat\\s+id$",
      "channel_info": "^[/!]channel\\s+info\\s+(\\d+)$",
      "add_contact": "^[/!]add\\s+contact$",
      "share_phone": "^[/!]share$",
      "panel": "^[/!]panel\\s*(.+)?$",
      "panel_pv": "^[/!]panel\\s+pv\\s*(.+)?$",
      "manage_user": "^[/!]manage$",
      "list_all": "^[/!]lists$",
      "save_message": "^[/!]save$",
      "message_to_user": "^[/!]message\\s+to\\s+'(\\d+)'\\s+(.+)$",
      "bot_mode_toggle": "^[/!]bot\\s+mode\\s+(on|off)$",
      "set_api_token": "^[/!]set\\s+api\\s+(.+)$",
      "add_white_list": "^[/!]add\\s+white\\s*(.+)?$",
      "delete_white_list": "^[/!]delete\\s+white\\s*(.+)?$",
      "list_white_list": "^[/!]white\\s+list$",
      "clear_white_list": "^[/!]clear\\s+white\\s+list$",
      "add_black_list": "^[/!]add\\s+black\\s*(.+)?$",
      "delete_black_list": "^[/!]delete\\s+black\\s*(.+)?$",
      "list_black_list": "^[/!]black\\s+list$",
      "clear_black_list": "^[/!]clear\\s+black\\s+list$",
      "set_reaction": "^[/!]set\\s+reaction\\s*(.+)?$",
      "delete_reaction": "^[/!]delete\\s+reaction\\s*(.+)?$",
      "set_reaction_global": "^[/!]set\\s+reaction\\s+global\\s*(.+)?$",
      "delete_reaction_global": "^[/!]delete\\s+reaction\\s+global\\s*(.+)?$",
      "set_prefix": "^[/!]set\\s+prefix\\s+(.+)$",
      "delete_prefix": "^[/!]delete\\s+prefix$",
      "comment_toggle": "^[/!]comment\\s+(on|off)$",
      "add_comment": "^[/!]comment\\s+new\\s+(.+)$",
      "delete_comment": "^[/!]delete\\s+comment\\s+(.+)$",
      "clear_comments": "^[/!]clear\\s+comments$",
      "list_comments": "^[/!]comments$",
      "get_join_requests": "^[/!]get\\s+join\\s+requests$",
      "get_joins": "^[/!]get\\s+joins$",
      "get_leaves": "^[/!]get\\s+leaves$",
      "approve_requests": "^[/!]approve\\s+requests$",
      "set_bot_token": "^[/!]set\\s+bot\\s+token\\s+(.+)$",
      "set_spec_realm": "^[/!]set\\s+spec\\s+realm$",
      "manage_spec": "^[/!]manage\\s+spec$",
      "read_receipts_toggle": "^[/!]save\\s+reads\\s+(on|off)$",
      "set_read_receipts_realm": "^[/!]set\\s+save\\s+reads\\s+realm$",
      "story_save_toggle": "^[/!]save\\s+story\\s+(on|off)$",
      "set_story_realm": "^[/!]set\\s+save\\s+story\\s+realm$",
      "add_timer": "^[/!]timer\\s+new\\s+(.+)$",
      "delete_timer": "^[/!]delete\\s+timer\\s+(.+)$",
      "clear_timers": "^[/!]clear\\s+timers$",
      "list_timers": "^[/!]timers$",
      "add_countdown": "^[/!]countdown\\s+new\\s+(.+)$",
      "delete_countdown": "^[/!]delete\\s+countdown\\s+(.+)$",
      "clear_countdowns": "^[/!]clear\\s+countdowns$",
      "list_countdowns": "^[/!]countdowns$"
    },
    "group": {
      "lock_chat_photo_on": "^[/!]lock\\s+chat\\s+photo\\s+on$",
      "lock_chat_photo_off": "^[/!]lock\\s+chat\\s+photo\\s+off$",
      "lock_title_on": "^[/!]lock\\s+title\\s+on$",
      "lock_title_off": "^[/!]lock\\s+title\\s+off$",
      "auto_leave_on": "^[/!]auto\\s+leave\\s+on$",
      "auto_leave_off": "^[/!]auto\\s+leave\\s+off$",
      "silence_on": "^[/!]silence\\s+on$",
      "silence_off": "^[/!]silence\\s+off$",
      "silence_all": "^[/!]silence\\s+all\\s*(\\d*)$",
      "cancel_silence_all": "^[/!]cancel\\s+silence\\s+all$",
      "tag": "^[/!]tag\\s*(.*)$",
      "cancel_tag": "^[/!]cancel\\s+tag$",
      "tag_admins": "^[/!]tag\\s+admins$",
      "tag_bots": "^[/!]tag\\s+bots$",
      "invite": "^[/!]invite\\s+(.+)$",
      "add_bots": "^[/!]add\\s+bots$",
      "pin": "^[/!]pin$",
      "unpin": "^[/!]unpin$",
      "repin": "^[/!]repin$",
      "unpin_all": "^[/!]unpin\\s+all$",
      "group_info": "^[/!]group\\s+info$",
      "group_id": "^[/!]group\\s+id$",
      "leave": "^[/!]leave\\s*(-?\\d+)?$",
      "group_link": "^[/!]group\\s+link$",
      "set_nickname": "^[/!]set\\s+nickname\\s+(.+)$",
      "leave_all_groups": "^[/!]leave\\s+all\\s+groups$",
      "get_join_time": "^[/!]join\\s+time$",
      "get_owner": "^[/!]owner\\s*(-?\\d+)?$",
      "group_typing_on": "^[/!]group\\s+typing\\s+on$",
      "group_typing_off": "^[/!]group\\s+typing\\s+off$",
      "create_group": "^[/!]create\\s+group\\s+(.+)$",
      "cleanup_messages": "^[/!]cleanup\\s+messages\\s*(\\d*)$",
      "cleanup_gifs": "^[/!]cleanup\\s+gifs$",
      "cleanup_photos": "^[/!]cleanup\\s+photos$",
      "cleanup_videos": "^[/!]cleanup\\s+videos$",
      "cleanup_audios": "^[/!]cleanup\\s+audios$",
      "cleanup_voices": "^[/!]cleanup\\s+voices$",
      "cleanup_user": "^[/!]cleanup\\s+user$",
      "cleanup_block_list": "^[/!]cleanup\\s+block\\s+list$",
      "cleanup_deleted_accounts": "^[/!]cleanup\\s+deleted\\s+accounts$",
      "cleanup_bots": "^[/!]cleanup\\s+bots$",
      "cleanup_members": "^[/!]cleanup\\s+members$",
      "cleanup_all": "^[/!]cleanup\\s+all\\s+(.+)$",
      "cleanup_between": "^[/!]cleanup\\s+between\\s+(.+\\s+.+)$",
      "join_mode_on": "^[/!]join\\s+mode\\s+on$",
      "join_mode_off": "^[/!]join\\s+mode\\s+off$",
      "join_mode_ban": "^[/!]join\\s+mode\\s+ban$",
      "join_mode_mute": "^[/!]join\\s+mode\\s+mute$",
      "filter_add": "^[/!]filter\\s+add\\s+(.+)$",
      "filter_remove": "^[/!]filter\\s+remove\\s+(.+)$",
      "filter_list": "^[/!]filter\\s+list$",
      "filter_clear": "^[/!]clear\\s+filters$",
      "sallow": "^[/!]allow\\s+(.+)$",
      "sdelallow": "^[/!]remove\\s+allow\\s+(.+)$",
      "sallowlist": "^[/!]allow\\s+list$",
      "clean_sallowlist": "^[/!]clear\\s+allow\\s+list$",
      "set_slow_mode": "^[/!]set\\s+slow\\s+mode\\s+(\\d+)$",
      "remove_slow_mode": "^[/!]remove\\s+slow\\s+mode$",
      "kick": "^[/!]kick\\s*(.+)?$",
      "unban": "^[/!]unban\\s*(.+)?$",
      "mute": "^[/!]mute$",
      "unmute": "^[/!]unmute$",
      "mute_list": "^[/!]mute\\s+list$",
      "clear_mute_list": "^[/!]clear\\s+mute\\s+list$",
      "welcome_on": "^[/!]welcome\\s+on$",
      "welcome_off": "^[/!]welcome\\s+off$",
      "set_welcome": "^[/!]set\\s+welcome$",
      "ban_all": "^[/!]ban\\s+all$",
      "unban_all": "^[/!]unban\\s+all$",
      "ban_all_list": "^[/!]ban\\s+all\\s+list$",
      "clear_ban_all_list": "^[/!]clear\\s+ban\\s+all\\s+list$",
      "invite_voice_chat": "^[/!]invite\\s+voice\\s+chat\\s+(.+)$",
      "invite_all_voice_chat": "^[/!]invite\\s+all\\s+to\\s+voice\\s+chat$"
    },
    "private": {
      "secretary_status": "^[/!]secretary\\s+status$",
      "secretary_on": "^[/!]secretary\\s+on$",
      "secretary_off": "^[/!]secretary\\s+off$",
      "set_secretary": "^[/!]set\\s+secretary$",
      "set_secretary_delay": "^[/!]set\\s+secretary\\s+delay\\s+(\\d+)$",
      "smart_secretary_on": "^[/!]smart\\s+secretary\\s+on$",
      "smart_secretary_off": "^[/!]smart\\s+secretary\\s+off$",
      "set_smart_secretary": "^[/!]set\\s+smart\\s+secretary$",
      "offline_secretary_on": "^[/!]offline\\s+secretary\\s+on$",
      "offline_secretary_off": "^[/!]offline\\s+secretary\\s+off$",
      "set_offline_secretary": "^[/!]set\\s+offline\\s+secretary\\s+(\\d+)$",
      "save_pv_on": "^[/!]save\\s+pv\\s+on$",
      "save_pv_off": "^[/!]save\\s+pv\\s+off$",
      "birthday_on": "^[/!]birthday\\s+on$",
      "birthday_off": "^[/!]birthday\\s+off$",
      "add_birthday_message": "^[/!]add\\s+birthday\\s+message$",
      "remove_birthday_message": "^[/!]remove\\s+birthday\\s+message$",
      "list_birthday_messages": "^[/!]list\\s+birthday\\s+messages$",
      "clear_birthday_messages": "^[/!]clear\\s+birthday\\s+messages$",
      "manage_birthday": "^[/!]manage\\s+birthday\\s+(.+)?$",
      "block_mode_on": "^[/!]block\\s+mode\\s+on$",
      "block_mode_off": "^[/!]block\\s+mode\\s+off$",
      "pin": "^[/!]pin$",
      "unpin": "^[/!]unpin$",
      "mutual_pin": "^[/!]mutual\\s+pin$",
      "unpin_all": "^[/!]unpin\\s+all$",
      "silence_pv_on": "^[/!]silence\\s+pv\\s+on$",
      "silence_pv_off": "^[/!]silence\\s+pv\\s+off$",
      "silence_specific_on": "^[/!]silence\\s+on$",
      "silence_specific_off": "^[/!]silence\\s+off$",
      "save_deleted_on": "^[/!]save\\s+deleted\\s+on$",
      "save_deleted_off": "^[/!]save\\s+deleted\\s+off$",
      "set_save_deleted_realm": "^[/!]set\\s+save\\s+deleted\\s+realm$",
      "set_backup_channel": "^[/!]set\\s+backup\\s+channel$",
      "set_bot_token": "^[/!]set\\s+bot\\s+token\\s+(.+)$",
      "save_deleted_status": "^[/!]save\\s+deleted\\s+status$",
      "save_edited_on": "^[/!]save\\s+edited\\s+on$",
      "save_edited_off": "^[/!]save\\s+edited\\s+off$",
      "set_save_edited_realm": "^[/!]set\\s+save\\s+edited\\s+realm$",
      "save_timed_on": "^[/!]save\\s+timed\\s+on$",
      "save_timed_off": "^[/!]save\\s+timed\\s+off$",
      "set_save_timed_realm": "^[/!]set\\s+save\\s+timed\\s+realm$",
      "cleanup_gifs": "^[/!]cleanup\\s+gifs$",
      "cleanup_photos": "^[/!]cleanup\\s+photos$",
      "cleanup_videos": "^[/!]cleanup\\s+videos$",
      "cleanup_video_notes": "^[/!]cleanup\\s+video\\s+notes$",
      "cleanup_files": "^[/!]cleanup\\s+files$",
      "cleanup_voices": "^[/!]cleanup\\s+voices$",
      "delete_messages": "^[/!]delete\\s+(\\d+)$",
      "pv_info": "^[/!]pv\\s+info$",
      "cleanup_messages": "^[/!]cleanup\\s+messages$",
      "delete_history": "^[/!]delete\\s+history$",
      "pv_typing_on": "^[/!]pv\\s+typing\\s+on$",
      "pv_typing_off": "^[/!]pv\\s+typing\\s+off$",
      "force_join_on": "^[/!]force\\s+join\\s+on$",
      "force_join_off": "^[/!]force\\s+join\\s+off$",
      "set_force_join_chat": "^[/!]set\\s+force\\s+join\\s+chat$",
      "set_force_join_message": "^[/!]set\\s+force\\s+join\\s+message$",
      "set_force_join_delay": "^[/!]set\\s+force\\s+join\\s+delay\\s+(\\d+)$",
      "force_join_relax_on": "^[/!]force\\s+join\\s+relax\\s+on$",
      "force_join_relax_off": "^[/!]force\\s+join\\s+relax\\s+off$",
      "set_force_join_relax_delay": "^[/!]set\\s+force\\s+join\\s+relax\\s+delay\\s+(\\d+)$",
      "force_join_save_on": "^[/!]force\\s+join\\s+save\\s+on$",
      "force_join_save_off": "^[/!]force\\s+join\\s+save\\s+off$",
      "set_force_join_save_realm": "^[/!]set\\s+force\\s+join\\s+save\\s+realm$",
      "protect_on": "^[/!]protect\\s+on$",
      "protect_off": "^[/!]protect\\s+off$",
      "set_protect_limit": "^[/!]set\\s+protect\\s+limit\\s+(\\d+)$",
      "set_protect_message": "^[/!]set\\s+protect\\s+message$",
      "protect_warning_on": "^[/!]protect\\s+warning\\s+on$",
      "protect_warning_off": "^[/!]protect\\s+warning\\s+off$",
      "set_protect_warning_message": "^[/!]set\\s+protect\\s+warning\\s+message$",
      "protect_relax_on": "^[/!]protect\\s+relax\\s+on$",
      "protect_relax_off": "^[/!]protect\\s+relax\\s+off$",
      "set_protect_relax_delay": "^[/!]set\\s+protect\\s+relax\\s+delay\\s+(\\d+)$",
      "filter_pv": "^[/!]filter\\s+pv\\s+(.+)$",
      "remove_filter_pv": "^[/!]remove\\s+filter\\s+pv\\s+(.+)$",
      "list_filter_pv": "^[/!]list\\s+filter\\s+pv$",
      "clear_filter_pv": "^[/!]clear\\s+filter\\s+pv$"
    },
    "fast_response": {
      "fast_response_off": "^[/!]disable\\s+fast\\s+response$",
      "fast_response_on": "^[/!]enable\\s+fast\\s+response$",
      "set_response_time": "^[/!]set\\s+response\\s+time\\s+(\\d+)$",
      "add_response": "^[/!]response\\s+(.+)$",
      "delete_response": "^[/!]delete\\s+response\\s+(.+)$",
      "list_responses": "^[/!]responses$",
      "clear_responses": "^[/!]clear\\s+responses$",
      "get_response": "^[/!]get\\s+response\\s+(.+)$",
      "set_sudo_mode": "^[/!]set\\s+sudo\\s+mode$",
      "set_others_mode": "^[/!]set\\s+others\\s+mode$",
      "set_normal_mode": "^[/!]set\\s+normal\\s+mode$",
      "set_edit_mode": "^[/!]set\\s+edit\\s+mode$",
      "set_multi_mode": "^[/!]set\\s+multi\\s+mode$",
      "set_search_mode": "^[/!]set\\s+search\\s+mode$",
      "set_reply_mode": "^[/!]set\\s+reply\\s+mode$",
      "set_command_mode": "^[/!]set\\s+command\\s+mode$",
      "sun_response": "^[/!]sun$",
      "heart_response": "^[/!]heart$",
      "edit_response_1": "^[/!]fast\\s+response\\s+edit1$",
      "edit_response_2": "^[/!]fast\\s+response\\s+edit2$",
      "bandari": "^[/!]bandari$"
    },
    "enemy": {
      "insult_on": "^[/!]insult\\s+on$",
      "insult_off": "^[/!]insult\\s+off$",
      "add_insult": "^[/!]add\\s+insult\\s+(.+)$",
      "delete_insult": "^[/!]delete\\s+insult\\s+(.+)$",
      "list_insults": "^[/!]list\\s+insults$",
      "clear_insults": "^[/!]clear\\s+insults$",
      "upload_insult": "^[/!]upload\\s+insult$",
      "add_friend_insult": "^[/!]add\\s+friend\\s+insult\\s+(.+)$",
      "delete_friend_insult": "^[/!]delete\\s+friend\\s+insult\\s+(.+)$",
      "list_friend_insults": "^[/!]list\\s+friend\\s+insults$",
      "clear_friend_insults": "^[/!]clear\\s+friend\\s+insults$",
      "upload_friend_insult": "^[/!]upload\\s+friend\\s+insult$",
      "set_enemy_all_chats": "^[/!]set\\s+enemy\\s+(\\d*)$",
      "set_enemy_pv": "^[/!]set\\s+enemy\\s+pv\\s+(\\d*)$",
      "set_enemy_groups": "^[/!]set\\s+enemy\\s+groups\\s+(\\d*)$",
      "set_enemy_this_chat": "^[/!]set\\s+enemy\\s+this\\s+chat\\s+(\\d*)$",
      "delete_enemy_all_chats": "^[/!]delete\\s+enemy\\s+(\\d*)$",
      "delete_enemy_pv": "^[/!]delete\\s+enemy\\s+pv\\s+(\\d*)$",
      "delete_enemy_groups": "^[/!]delete\\s+enemy\\s+groups\\s+(\\d*)$",
      "delete_enemy_this_chat": "^[/!]delete\\s+enemy\\s+this\\s+chat\\s+(\\d*)$",
      "clear_enemy_all_chats": "^[/!]clear\\s+enemy$",
      "clear_enemy_pv": "^[/!]clear\\s+enemy\\s+pv$",
      "clear_enemy_groups": "^[/!]clear\\s+enemy\\s+groups$",
      "clear_enemy_this_chat": "^[/!]clear\\s+enemy\\s+this\\s+chat$",
      "set_friend_all_chats": "^[/!]set\\s+friend\\s+enemy\\s+(\\d*)$",
      "set_friend_pv": "^[/!]set\\s+friend\\s+enemy\\s+pv\\s+(\\d*)$",
      "set_friend_groups": "^[/!]set\\s+friend\\s+enemy\\s+groups\\s+(\\d*)$",
      "set_friend_this_chat": "^[/!]set\\s+friend\\s+enemy\\s+this\\s+chat\\s+(\\d*)$",
      "delete_friend_all_chats": "^[/!]delete\\s+friend\\s+enemy\\s+(\\d*)$",
      "delete_friend_pv": "^[/!]delete\\s+friend\\s+enemy\\s+pv\\s+(\\d*)$",
      "delete_friend_groups": "^[/!]delete\\s+friend\\s+enemy\\s+groups\\s+(\\d*)$",
      "delete_friend_this_chat": "^[/!]delete\\s+friend\\s+enemy\\s+this\\s+chat\\s+(\\d*)$",
      "clear_friend_all_chats": "^[/!]clear\\s+friend\\s+enemy$",
      "clear_friend_pv": "^[/!]clear\\s+friend\\s+enemy\\s+pv$",
      "clear_friend_groups": "^[/!]clear\\s+friend\\s+enemy\\s+groups$",
      "clear_friend_this_chat": "^[/!]clear\\s+friend\\s+enemy\\s+this\\s+chat$",
      "set_delay": "^[/!]set\\s+enemy\\s+delay\\s+(\\d+)$",
      "delay_on": "^[/!]enemy\\s+delay\\s+on$",
      "delay_off": "^[/!]enemy\\s+delay\\s+off$",
      "set_pause": "^[/!]set\\s+pause\\s+(\\d+-\\d+)$",
      "delete_enemy_message_on": "^[/!]delete\\s+enemy\\s+message\\s+on$",
      "delete_enemy_message_off": "^[/!]delete\\s+enemy\\s+message\\s+off$",
      "set_signature": "^[/!]set\\s+signature\\s+(.+)$",
      "delete_signature": "^[/!]delete\\s+signature$",
      "set_friend_signature": "^[/!]set\\s+friend\\s+signature\\s+(.+)$",
      "delete_friend_signature": "^[/!]delete\\s+friend\\s+signature$",
      "list_all": "^[/!]lists$",
      "clear_all_enemies": "^[/!]clear\\s+all\\s+enemies\\s+(\\d*)$",
      "get_enemy": "^[/!]get\\s+enemy\\s+(\\d*)$"
    },
    "convert": {
      "set_cover": "^[/!]set\\s+cover$",
      "add_cover": "^[/!]add\\s+cover$",
      "get_cover": "^[/!]get\\s+cover$",
      "remove_background": "^[/!]remove\\s+background$",
      "edit_name": "^[/!]edit\\s+name\\s+(.+)$",
      "edit_duration": "^[/!]edit\\s+duration\\s+(\\d+)$",
      "to_photo": "^[/!]to\\s+photo$",
      "to_gif": "^[/!]to\\s+gif$",
      "to_sticker": "^[/!]to\\s+sticker$",
      "to_file": "^[/!]to\\s+file$",
      "to_voice": "^[/!]to\\s+voice$",
      "to_audio": "^[/!]to\\s+audio$",
      "convert_date": "^[/!]convert\\s+date\\s+(.+)$",
      "extract_file": "^[/!]extract\\s+file(?:\\s+(.+))?$",
      "to_qr": "^[/!]to\\s+qr(?:\\s+(.+))?$",
      "read_qr": "^[/!]read\\s+qr$",
      "to_video_note": "^[/!]to\\s+video\\s+note$",
      "to_video": "^[/!]to\\s+video$"
    },
    "search": {
      "search_song": "^[/!]search\\s+song(?:\\s+(.+))?$",
      "search_video": "^[/!]search\\s+video(?:\\s+(.+))?$",
      "search_music": "^[/!]search\\s+music\\s+(.+)$",
      "search_movie": "^[/!]search\\s+movie\\s+(.+)$",
      "search_image": "^[/!]search\\s+image\\s+(.+)$",
      "persian_meme": "^[/!]persian\\s+meme\\s+(.+)$",
      "wiki": "^[/!]wiki\\s+(.+)$",
      "google": "^[/!]google\\s+(.+)$",
      "search_text": "^[/!]search\\s+(.+)$",
      "search_general": "^[/!]search\\s+general\\s+(.+)$",
      "search_video_note": "^[/!]search\\s+video\\s+note(?:\\s+(.+))?$",
      "search_file": "^[/!]search\\s+file(?:\\s+(.+))?$",
      "search_photo": "^[/!]search\\s+photo(?:\\s+(.+))?$",
      "search_contact": "^[/!]search\\s+contact(?:\\s+(.+))?$"
    },
    "download": {
      "download_song": "^[/!]download\\s+song\\s+(.+)$",
      "download_video": "^[/!]download\\s+video(?:\\s+(.+))?$",
      "download_list": "^[/!]download\\s+list\\s+(.+)$",
      "download_all_stories": "^[/!]download\\s+all\\s+stories$",
      "download_stories": "^[/!]download\\s+stories\\s+(.+)$",
      "new_story": "^[/!]new\\s+story$",
      "download_file": "^[/!]download\\s+file(?:\\s+(.+))?$",
      "download_git": "^[/!]download\\s+git(?:\\s+(.+))?$"
    },
    "vars": {
      "list_timezones": "^[/!]list\\s+timezones$",
      "set_timezone": "^[/!]set\\s+timezone\\s+(.+)$",
      "set_rank": "^[/!]set\\s+rank\\s+(.+)$",
      "list_ranks": "^[/!]list\\s+ranks$"
    },
    "edit": {
      "to_demo": "^[/!]to\\s+demo$",
      "to_long_demo": "^[/!]to\\s+long\\s+demo$",
      "cut": "^[/!]cut\\s+(\\d+-\\d+)$",
      "rotate_left": "^[/!]rotate\\s+left$",
      "rotate_right": "^[/!]rotate\\s+right$",
      "rotate_up": "^[/!]rotate\\s+up$",
      "rotate_45": "^[/!]to\\s+45$",
      "black_white": "^[/!]black\\s+white$",
      "negative": "^[/!]negative$",
      "to_rgb": "^[/!]to\\s+rgb$",
      "to_green": "^[/!]to\\s+green$",
      "to_blue": "^[/!]to\\s+blue$",
      "to_red": "^[/!]to\\s+red$",
      "blur": "^[/!]blur$",
      "sharpen": "^[/!]sharpen$",
      "resize_height": "^[/!]resize\\s+height(?:\\s+(\\d+))?$",
      "resize": "^[/!]resize\\s+(\\d+,\\d+)$",
      "set_logo": "^[/!]set\\s+logo$",
      "apply_logo": "^[/!]apply\\s+logo\\s+(\\d+,\\d+)$",
      "replace_text": "^[/!]replace\\s+([^,]+,[^,]+)$",
      "quick_edit": "^[/!]edit\\s+(.+)$",
      "watermark": "^[/!]watermark(?:\\s+(.+))?$"
    },
    "fun": {
      "time": "^[/!]time(?:\\s+(.+))?$",
      "calendar": "^[/!]calendar$",
      "azan": "^[/!]azan(?:\\s+(.+))?$",
      "football": "^[/!]football$",
      "tv": "^[/!]tv$",
      "sarz": "^[/!]sarz$",
      "crypto": "^[/!]crypto(?:\\s+(.+))?$",
      "domain": "^[/!]domain\\s+(.+)$",
      "ip_info": "^[/!]ip\\s+info\\s+(.+)$",
      "config_info": "^[/!]config\\s+info(?:\\s+(.+))?$",
      "proxy": "^[/!]proxy$",
      "join_all": "^[/!]join\\s+all$",
      "join_and_leave": "^[/!]join\\s+and\\s+leave$",
      "to_word": "^[/!]to\\s+word(?:\\s+(\\d+))?$",
      "fortune": "^[/!]fortune$",
      "joke": "^[/!]joke$",
      "set_chatgpt_token": "^[/!]set\\s+chatgpt\\s+token\\s+(.+)$",
      "chatgpt": "^[/!]chatgpt\\s+(.+)$",
      "mygpt": "^[/!]mygpt\\s+(.+)$",
      "clean_mygpt": "^[/!]clean\\s+mygpt$"
    }
  }
}